run_id,dose_cm2,energy_keV,anneal_temp_C,anneal_time_sec,xj_implant_um,xj_final_um,delta_xj_um,rsh_final_ohm_sq
1,500000000000000.0,10.0,900,5,0.12223,0.122232,2e-06,387.092
2,500000000000000.0,10.0,900,15,0.12223,0.122238,8e-06,326.84
3,500000000000000.0,10.0,900,25,0.12223,0.122244,1.4e-05,298.454
4,500000000000000.0,10.0,900,35,0.12223,0.12225,2e-05,281.271
5,500000000000000.0,10.0,900,45,0.12223,0.122256,2.6e-05,269.21
6,500000000000000.0,10.0,950,5,0.12223,0.122245,1.5e-05,290.749
7,500000000000000.0,10.0,950,15,0.12223,0.122276,4.6e-05,241.031
8,500000000000000.0,10.0,950,25,0.12223,0.122306,7.6e-05,223.178
9,500000000000000.0,10.0,950,35,0.12223,0.122337,0.000107,213.157
10,500000000000000.0,10.0,950,45,0.12223,0.122368,0.000138,206.522
11,500000000000000.0,10.0,1000,5,0.12223,0.122299,6.9e-05,225.6
12,500000000000000.0,10.0,1000,15,0.12223,0.122438,0.000208,197.233
13,500000000000000.0,10.0,1000,25,0.12223,0.122578,0.000348,188.085
14,500000000000000.0,10.0,1000,35,0.12223,0.122717,0.000487,183.177
15,500000000000000.0,10.0,1000,45,0.12223,0.122857,0.000627,180.005
16,500000000000000.0,10.0,1050,5,0.12223,0.12251,0.00028,193.026
17,500000000000000.0,10.0,1050,15,0.12223,0.123073,0.000843,177.825
18,500000000000000.0,10.0,1050,25,0.12223,0.123635,0.001405,173.038
19,500000000000000.0,10.0,1050,35,0.12223,0.124197,0.001967,170.424
20,500000000000000.0,10.0,1050,45,0.12223,0.124759,0.002529,168.674
21,500000000000000.0,10.0,1100,5,0.12223,0.123253,0.001023,177.372
22,500000000000000.0,10.0,1100,15,0.12223,0.1253,0.00307,168.433
23,500000000000000.0,10.0,1100,25,0.12223,0.127352,0.005122,165.356
24,500000000000000.0,10.0,1100,35,0.12223,0.129455,0.007225,163.554
25,500000000000000.0,10.0,1100,45,0.12223,0.132074,0.009844,162.309
26,500000000000000.0,20.0,900,5,0.233396,0.233395,-1e-06,187.031
27,500000000000000.0,20.0,900,15,0.233396,0.233398,2e-06,175.984
28,500000000000000.0,20.0,900,25,0.233396,0.233401,5e-06,171.644
29,500000000000000.0,20.0,900,35,0.233396,0.233404,8e-06,169.763
30,500000000000000.0,20.0,900,45,0.233396,0.233407,1.1e-05,168.785
31,500000000000000.0,20.0,950,5,0.233396,0.233401,5e-06,168.413
32,500000000000000.0,20.0,950,15,0.233396,0.233416,2e-05,163.247
33,500000000000000.0,20.0,950,25,0.233396,0.233431,3.5e-05,162.713
34,500000000000000.0,20.0,950,35,0.233396,0.233446,5e-05,162.354
35,500000000000000.0,20.0,950,45,0.233396,0.233461,6.5e-05,161.765
36,500000000000000.0,20.0,1000,5,0.233396,0.233427,3.1e-05,160.134
37,500000000000000.0,20.0,1000,15,0.233396,0.233495,9.9e-05,158.914
38,500000000000000.0,20.0,1000,25,0.233396,0.233563,0.000167,156.884
39,500000000000000.0,20.0,1000,35,0.233396,0.233631,0.000235,155.233
40,500000000000000.0,20.0,1000,45,0.233396,0.233699,0.000303,153.915
41,500000000000000.0,20.0,1050,5,0.233396,0.23353,0.000134,157.288
42,500000000000000.0,20.0,1050,15,0.233396,0.233804,0.000408,152.552
43,500000000000000.0,20.0,1050,25,0.233396,0.234077,0.000681,150.054
44,500000000000000.0,20.0,1050,35,0.233396,0.234351,0.000955,148.472
45,500000000000000.0,20.0,1050,45,0.233396,0.234624,0.001228,147.342
46,500000000000000.0,20.0,1100,5,0.233396,0.233891,0.000495,152.047
47,500000000000000.0,20.0,1100,15,0.233396,0.234888,0.001492,147.073
48,500000000000000.0,20.0,1100,25,0.233396,0.235883,0.002487,144.984
49,500000000000000.0,20.0,1100,35,0.233396,0.236877,0.003481,143.675
50,500000000000000.0,20.0,1100,45,0.233396,0.237871,0.004475,142.719
51,500000000000000.0,30.0,900,5,0.299877,0.299876,-1e-06,171.672
52,500000000000000.0,30.0,900,15,0.299877,0.299878,1e-06,169.023
53,500000000000000.0,30.0,900,25,0.299877,0.299881,4e-06,167.099
54,500000000000000.0,30.0,900,35,0.299877,0.299883,6e-06,165.949
55,500000000000000.0,30.0,900,45,0.299877,0.299885,8e-06,165.059
56,500000000000000.0,30.0,950,5,0.299877,0.29988,3e-06,165.615
57,500000000000000.0,30.0,950,15,0.299877,0.299892,1.5e-05,161.46
58,500000000000000.0,30.0,950,25,0.299877,0.299903,2.6e-05,158.68
59,500000000000000.0,30.0,950,35,0.299877,0.299914,3.7e-05,156.414
60,500000000000000.0,30.0,950,45,0.299877,0.299926,4.9e-05,154.548
61,500000000000000.0,30.0,1000,5,0.299877,0.2999,2.3e-05,159.218
62,500000000000000.0,30.0,1000,15,0.299877,0.299951,7.4e-05,152.102
63,500000000000000.0,30.0,1000,25,0.299877,0.300002,0.000125,148.395
64,500000000000000.0,30.0,1000,35,0.299877,0.300053,0.000176,146.459
65,500000000000000.0,30.0,1000,45,0.299877,0.300104,0.000227,145.528
66,500000000000000.0,30.0,1050,5,0.299877,0.299977,0.0001,150.912
67,500000000000000.0,30.0,1050,15,0.299877,0.300183,0.000306,144.803
68,500000000000000.0,30.0,1050,25,0.299877,0.300389,0.000512,144.544
69,500000000000000.0,30.0,1050,35,0.299877,0.300595,0.000718,144.123
70,500000000000000.0,30.0,1050,45,0.299877,0.300801,0.000924,143.668
71,500000000000000.0,30.0,1100,5,0.299877,0.300249,0.000372,144.477
72,500000000000000.0,30.0,1100,15,0.299877,0.300999,0.001122,143.436
73,500000000000000.0,30.0,1100,25,0.299877,0.301749,0.001872,142.31
74,500000000000000.0,30.0,1100,35,0.299877,0.302499,0.002622,141.436
75,500000000000000.0,30.0,1100,45,0.299877,0.303248,0.003371,140.736
76,500000000000000.0,40.0,900,5,0.362647,0.362645,-2e-06,161.078
77,500000000000000.0,40.0,900,15,0.362647,0.362647,0.0,160.218
78,500000000000000.0,40.0,900,25,0.362647,0.362649,2e-06,159.471
79,500000000000000.0,40.0,900,35,0.362647,0.362651,4e-06,158.814
80,500000000000000.0,40.0,900,45,0.362647,0.362652,5e-06,158.237
81,500000000000000.0,40.0,950,5,0.362647,0.362649,2e-06,158.102
82,500000000000000.0,40.0,950,15,0.362647,0.362658,1.1e-05,155.878
83,500000000000000.0,40.0,950,25,0.362647,0.362667,2e-05,154.474
84,500000000000000.0,40.0,950,35,0.362647,0.362676,2.9e-05,153.329
85,500000000000000.0,40.0,950,45,0.362647,0.362685,3.8e-05,152.348
86,500000000000000.0,40.0,1000,5,0.362647,0.362664,1.7e-05,154.441
87,500000000000000.0,40.0,1000,15,0.362647,0.362705,5.8e-05,150.806
88,500000000000000.0,40.0,1000,25,0.362647,0.362746,9.9e-05,148.396
89,500000000000000.0,40.0,1000,35,0.362647,0.362786,0.000139,146.548
90,500000000000000.0,40.0,1000,45,0.362647,0.362827,0.00018,145.107
91,500000000000000.0,40.0,1050,5,0.362647,0.362725,7.8e-05,150.027
92,500000000000000.0,40.0,1050,15,0.362647,0.36289,0.000243,144.389
93,500000000000000.0,40.0,1050,25,0.362647,0.363054,0.000407,141.81
94,500000000000000.0,40.0,1050,35,0.362647,0.363218,0.000571,140.619
95,500000000000000.0,40.0,1050,45,0.362647,0.363382,0.000735,140.15
96,500000000000000.0,40.0,1100,5,0.362647,0.362942,0.000295,144.292
97,500000000000000.0,40.0,1100,15,0.362647,0.36354,0.000893,139.973
98,500000000000000.0,40.0,1100,25,0.362647,0.364139,0.001492,139.692
99,500000000000000.0,40.0,1100,35,0.362647,0.364737,0.00209,139.291
100,500000000000000.0,40.0,1100,45,0.362647,0.365335,0.002688,138.878
101,500000000000000.0,50.0,900,5,0.422066,0.422063,-3e-06,154.157
102,500000000000000.0,50.0,900,15,0.422066,0.422064,-2e-06,153.766
103,500000000000000.0,50.0,900,25,0.422066,0.422066,0.0,153.407
104,500000000000000.0,50.0,900,35,0.422066,0.422067,1e-06,153.075
105,500000000000000.0,50.0,900,45,0.422066,0.422069,3e-06,152.768
106,500000000000000.0,50.0,950,5,0.422066,0.422065,-1e-06,152.295
107,500000000000000.0,50.0,950,15,0.422066,0.422073,7e-06,151.109
108,500000000000000.0,50.0,950,25,0.422066,0.42208,1.4e-05,150.258
109,500000000000000.0,50.0,950,35,0.422066,0.422088,2.2e-05,149.569
110,500000000000000.0,50.0,950,45,0.422066,0.422095,2.9e-05,148.973
111,500000000000000.0,50.0,1000,5,0.422066,0.422078,1.2e-05,150.115
112,500000000000000.0,50.0,1000,15,0.422066,0.422112,4.6e-05,147.891
113,500000000000000.0,50.0,1000,25,0.422066,0.422145,7.9e-05,146.44
114,500000000000000.0,50.0,1000,35,0.422066,0.422179,0.000113,145.315
115,500000000000000.0,50.0,1000,45,0.422066,0.422213,0.000147,144.365
116,500000000000000.0,50.0,1050,5,0.422066,0.422129,6.3e-05,147.329
117,500000000000000.0,50.0,1050,15,0.422066,0.422264,0.000198,143.815
118,500000000000000.0,50.0,1050,25,0.422066,0.4224,0.000334,141.645
119,500000000000000.0,50.0,1050,35,0.422066,0.422536,0.00047,140.205
120,500000000000000.0,50.0,1050,45,0.422066,0.422672,0.000606,139.24
121,500000000000000.0,50.0,1100,5,0.422066,0.422308,0.000242,143.713
122,500000000000000.0,50.0,1100,15,0.422066,0.422803,0.000737,139.175
123,500000000000000.0,50.0,1100,25,0.422066,0.423298,0.001232,137.73
124,500000000000000.0,50.0,1100,35,0.422066,0.423794,0.001728,137.381
125,500000000000000.0,50.0,1100,45,0.422066,0.424289,0.002223,137.203
126,1000000000000000.0,10.0,900,5,0.125217,0.125219,2e-06,260.339
127,1000000000000000.0,10.0,900,15,0.125217,0.125225,8e-06,221.574
128,1000000000000000.0,10.0,900,25,0.125217,0.125231,1.4e-05,200.283
129,1000000000000000.0,10.0,900,35,0.125217,0.125237,2e-05,186.742
130,1000000000000000.0,10.0,900,45,0.125217,0.125243,2.6e-05,176.963
131,1000000000000000.0,10.0,950,5,0.125217,0.125232,1.5e-05,190.724
132,1000000000000000.0,10.0,950,15,0.125217,0.125263,4.6e-05,150.426
133,1000000000000000.0,10.0,950,25,0.125217,0.125295,7.8e-05,135.046
134,1000000000000000.0,10.0,950,35,0.125217,0.125326,0.000109,126.258
135,1000000000000000.0,10.0,950,45,0.125217,0.125357,0.00014,120.401
136,1000000000000000.0,10.0,1000,5,0.125217,0.125287,7e-05,134.413
137,1000000000000000.0,10.0,1000,15,0.125217,0.125429,0.000212,110.22
138,1000000000000000.0,10.0,1000,25,0.125217,0.125571,0.000354,102.534
139,1000000000000000.0,10.0,1000,35,0.125217,0.125714,0.000497,98.546
140,1000000000000000.0,10.0,1000,45,0.125217,0.125856,0.000639,95.9795
141,1000000000000000.0,10.0,1050,5,0.125217,0.125502,0.000285,105.033
142,1000000000000000.0,10.0,1050,15,0.125217,0.126076,0.000859,93.3315
143,1000000000000000.0,10.0,1050,25,0.125217,0.126649,0.001432,89.8932
144,1000000000000000.0,10.0,1050,35,0.125217,0.127223,0.002006,88.1029
145,1000000000000000.0,10.0,1050,45,0.125217,0.127789,0.002572,86.959
146,1000000000000000.0,10.0,1100,5,0.125217,0.12626,0.001043,92.2763
147,1000000000000000.0,10.0,1100,15,0.125217,0.128332,0.003115,86.4864
148,1000000000000000.0,10.0,1100,25,0.125217,0.130431,0.005214,84.7292
149,1000000000000000.0,10.0,1100,35,0.125217,0.133666,0.008449,83.774
150,1000000000000000.0,10.0,1100,45,0.125217,0.140733,0.015516,83.1494
151,1000000000000000.0,20.0,900,5,0.243209,0.243209,0.0,114.182
152,1000000000000000.0,20.0,900,15,0.243209,0.243212,3e-06,106.37
153,1000000000000000.0,20.0,900,25,0.243209,0.243215,6e-06,103.477
154,1000000000000000.0,20.0,900,35,0.243209,0.243218,9e-06,102.157
155,1000000000000000.0,20.0,900,45,0.243209,0.243221,1.2e-05,101.229
156,1000000000000000.0,20.0,950,5,0.243209,0.243215,6e-06,98.4359
157,1000000000000000.0,20.0,950,15,0.243209,0.24323,2.1e-05,94.6341
158,1000000000000000.0,20.0,950,25,0.243209,0.243244,3.5e-05,93.9746
159,1000000000000000.0,20.0,950,35,0.243209,0.243259,5e-05,93.1315
160,1000000000000000.0,20.0,950,45,0.243209,0.243274,6.5e-05,92.2063
161,1000000000000000.0,20.0,1000,5,0.243209,0.243241,3.2e-05,90.8988
162,1000000000000000.0,20.0,1000,15,0.243209,0.243307,9.8e-05,88.1783
163,1000000000000000.0,20.0,1000,25,0.243209,0.243374,0.000165,85.7385
164,1000000000000000.0,20.0,1000,35,0.243209,0.243441,0.000232,83.9785
165,1000000000000000.0,20.0,1000,45,0.243209,0.243508,0.000299,82.6601
166,1000000000000000.0,20.0,1050,5,0.243209,0.243342,0.000133,85.709
167,1000000000000000.0,20.0,1050,15,0.243209,0.243611,0.000402,80.7751
168,1000000000000000.0,20.0,1050,25,0.243209,0.243881,0.000672,78.6116
169,1000000000000000.0,20.0,1050,35,0.243209,0.244151,0.000942,77.3429
170,1000000000000000.0,20.0,1050,45,0.243209,0.24442,0.001211,76.4838
171,1000000000000000.0,20.0,1100,5,0.243209,0.243698,0.000489,79.8791
172,1000000000000000.0,20.0,1100,15,0.243209,0.24468,0.001471,76.0121
173,1000000000000000.0,20.0,1100,25,0.243209,0.245661,0.002452,74.6201
174,1000000000000000.0,20.0,1100,35,0.243209,0.246642,0.003433,73.8239
175,1000000000000000.0,20.0,1100,45,0.243209,0.247622,0.004413,73.2803
176,1000000000000000.0,30.0,900,5,0.314339,0.314338,-1e-06,101.36
177,1000000000000000.0,30.0,900,15,0.314339,0.31434,1e-06,98.8044
178,1000000000000000.0,30.0,900,25,0.314339,0.314342,3e-06,97.5302
179,1000000000000000.0,30.0,900,35,0.314339,0.314345,6e-06,96.5002
180,1000000000000000.0,30.0,900,45,0.314339,0.314347,8e-06,95.504
181,1000000000000000.0,30.0,950,5,0.314339,0.314342,3e-06,94.5708
182,1000000000000000.0,30.0,950,15,0.314339,0.314353,1.4e-05,90.5915
183,1000000000000000.0,30.0,950,25,0.314339,0.314365,2.6e-05,87.6535
184,1000000000000000.0,30.0,950,35,0.314339,0.314376,3.7e-05,85.4921
185,1000000000000000.0,30.0,950,45,0.314339,0.314387,4.8e-05,83.8727
186,1000000000000000.0,30.0,1000,5,0.314339,0.314362,2.3e-05,87.3197
187,1000000000000000.0,30.0,1000,15,0.314339,0.314412,7.3e-05,80.7388
188,1000000000000000.0,30.0,1000,25,0.314339,0.314462,0.000123,78.4405
189,1000000000000000.0,30.0,1000,35,0.314339,0.314513,0.000174,77.8751
190,1000000000000000.0,30.0,1000,45,0.314339,0.314563,0.000224,77.7103
191,1000000000000000.0,30.0,1050,5,0.314339,0.314438,9.9e-05,79.0321
192,1000000000000000.0,30.0,1050,15,0.314339,0.314641,0.000302,76.6908
193,1000000000000000.0,30.0,1050,25,0.314339,0.314844,0.000505,76.0056
194,1000000000000000.0,30.0,1050,35,0.314339,0.315047,0.000708,75.3914
195,1000000000000000.0,30.0,1050,45,0.314339,0.31525,0.000911,74.8924
196,1000000000000000.0,30.0,1100,5,0.314339,0.314706,0.000367,76.0934
197,1000000000000000.0,30.0,1100,15,0.314339,0.315446,0.001107,74.5083
198,1000000000000000.0,30.0,1100,25,0.314339,0.316186,0.001847,73.5601
199,1000000000000000.0,30.0,1100,35,0.314339,0.316925,0.002586,72.9426
200,1000000000000000.0,30.0,1100,45,0.314339,0.317664,0.003325,72.495
201,1000000000000000.0,40.0,900,5,0.381236,0.381234,-2e-06,93.196
202,1000000000000000.0,40.0,900,15,0.381236,0.381235,-1e-06,92.2522
203,1000000000000000.0,40.0,900,25,0.381236,0.381237,1e-06,91.4565
204,1000000000000000.0,40.0,900,35,0.381236,0.381239,3e-06,90.8367
205,1000000000000000.0,40.0,900,45,0.381236,0.381241,5e-06,90.2925
206,1000000000000000.0,40.0,950,5,0.381236,0.381237,1e-06,89.1838
207,1000000000000000.0,40.0,950,15,0.381236,0.381246,1e-05,86.9023
208,1000000000000000.0,40.0,950,25,0.381236,0.381255,1.9e-05,85.2871
209,1000000000000000.0,40.0,950,35,0.381236,0.381264,2.8e-05,83.9759
210,1000000000000000.0,40.0,950,45,0.381236,0.381273,3.7e-05,82.8654
211,1000000000000000.0,40.0,1000,5,0.381236,0.381252,1.6e-05,84.6827
212,1000000000000000.0,40.0,1000,15,0.381236,0.381293,5.7e-05,80.6157
213,1000000000000000.0,40.0,1000,25,0.381236,0.381333,9.7e-05,78.1786
214,1000000000000000.0,40.0,1000,35,0.381236,0.381373,0.000137,76.6156
215,1000000000000000.0,40.0,1000,45,0.381236,0.381414,0.000178,75.6087
216,1000000000000000.0,40.0,1050,5,0.381236,0.381313,7.7e-05,79.4067
217,1000000000000000.0,40.0,1050,15,0.381236,0.381476,0.00024,74.6853
218,1000000000000000.0,40.0,1050,25,0.381236,0.381638,0.000402,73.5814
219,1000000000000000.0,40.0,1050,35,0.381236,0.381801,0.000565,73.4694
220,1000000000000000.0,40.0,1050,45,0.381236,0.381964,0.000728,73.3154
221,1000000000000000.0,40.0,1100,5,0.381236,0.381527,0.000291,74.3233
222,1000000000000000.0,40.0,1100,15,0.381236,0.38212,0.000884,73.0074
223,1000000000000000.0,40.0,1100,25,0.381236,0.382713,0.001477,72.5562
224,1000000000000000.0,40.0,1100,35,0.381236,0.383306,0.00207,72.1682
225,1000000000000000.0,40.0,1100,45,0.381236,0.383899,0.002663,71.8541
226,1000000000000000.0,50.0,900,5,0.444331,0.444328,-3e-06,87.627
227,1000000000000000.0,50.0,900,15,0.444331,0.444329,-2e-06,87.1736
228,1000000000000000.0,50.0,900,25,0.444331,0.444331,0.0,86.7587
229,1000000000000000.0,50.0,900,35,0.444331,0.444332,1e-06,86.3805
230,1000000000000000.0,50.0,900,45,0.444331,0.444334,3e-06,86.0479
231,1000000000000000.0,50.0,950,5,0.444331,0.44433,-1e-06,84.8623
232,1000000000000000.0,50.0,950,15,0.444331,0.444338,7e-06,83.5023
233,1000000000000000.0,50.0,950,25,0.444331,0.444345,1.4e-05,82.5122
234,1000000000000000.0,50.0,950,35,0.444331,0.444353,2.2e-05,81.7015
235,1000000000000000.0,50.0,950,45,0.444331,0.44436,2.9e-05,81.0137
236,1000000000000000.0,50.0,1000,5,0.444331,0.444343,1.2e-05,81.8631
237,1000000000000000.0,50.0,1000,15,0.444331,0.444377,4.6e-05,79.3486
238,1000000000000000.0,50.0,1000,25,0.444331,0.44441,7.9e-05,77.7575
239,1000000000000000.0,50.0,1000,35,0.444331,0.444444,0.000113,76.5481
240,1000000000000000.0,50.0,1000,45,0.444331,0.444477,0.000146,75.6066
241,1000000000000000.0,50.0,1050,5,0.444331,0.444393,6.2e-05,78.4318
242,1000000000000000.0,50.0,1050,15,0.444331,0.444529,0.000198,74.844
243,1000000000000000.0,50.0,1050,25,0.444331,0.444664,0.000333,73.1951
244,1000000000000000.0,50.0,1050,35,0.444331,0.444799,0.000468,72.4149
245,1000000000000000.0,50.0,1050,45,0.444331,0.444934,0.000603,72.0709
246,1000000000000000.0,50.0,1100,5,0.444331,0.444571,0.00024,74.5963
247,1000000000000000.0,50.0,1100,15,0.444331,0.445064,0.000733,71.8387
248,1000000000000000.0,50.0,1100,25,0.444331,0.445557,0.001226,71.6609
249,1000000000000000.0,50.0,1100,35,0.444331,0.446049,0.001718,71.4677
250,1000000000000000.0,50.0,1100,45,0.444331,0.446542,0.002211,71.2695
251,1500000000000000.0,10.0,900,5,0.124918,0.12492,2e-06,211.212
252,1500000000000000.0,10.0,900,15,0.124918,0.124926,8e-06,181.596
253,1500000000000000.0,10.0,900,25,0.124918,0.124932,1.4e-05,163.846
254,1500000000000000.0,10.0,900,35,0.124918,0.124938,2e-05,152.22
255,1500000000000000.0,10.0,900,45,0.124918,0.124944,2.6e-05,143.706
256,1500000000000000.0,10.0,950,5,0.124918,0.124932,1.4e-05,154.38
257,1500000000000000.0,10.0,950,15,0.124918,0.124964,4.6e-05,119.153
258,1500000000000000.0,10.0,950,25,0.124918,0.124995,7.7e-05,105.181
259,1500000000000000.0,10.0,950,35,0.124918,0.125027,0.000109,97.0769
260,1500000000000000.0,10.0,950,45,0.124918,0.125058,0.00014,91.6301
261,1500000000000000.0,10.0,1000,5,0.124918,0.124988,7e-05,103.661
262,1500000000000000.0,10.0,1000,15,0.124918,0.12513,0.000212,81.3281
263,1500000000000000.0,10.0,1000,25,0.124918,0.125272,0.000354,74.166
264,1500000000000000.0,10.0,1000,35,0.124918,0.125414,0.000496,70.3881
265,1500000000000000.0,10.0,1000,45,0.124918,0.125556,0.000638,67.975
266,1500000000000000.0,10.0,1050,5,0.124918,0.125203,0.000285,75.7647
267,1500000000000000.0,10.0,1050,15,0.124918,0.125776,0.000858,65.058
268,1500000000000000.0,10.0,1050,25,0.124918,0.126348,0.00143,61.9831
269,1500000000000000.0,10.0,1050,35,0.124918,0.126921,0.002003,60.4152
270,1500000000000000.0,10.0,1050,45,0.124918,0.127492,0.002574,59.434
271,1500000000000000.0,10.0,1100,5,0.124918,0.12596,0.001042,63.7225
272,1500000000000000.0,10.0,1100,15,0.124918,0.128036,0.003118,58.8148
273,1500000000000000.0,10.0,1100,25,0.124918,0.130576,0.005658,57.4215
274,1500000000000000.0,10.0,1100,35,0.124918,0.138361,0.013443,56.6929
275,1500000000000000.0,10.0,1100,45,0.124918,0.150615,0.025697,56.2186
276,1500000000000000.0,20.0,900,5,0.245019,0.245018,-1e-06,89.2281
277,1500000000000000.0,20.0,900,15,0.245019,0.245021,2e-06,82.8805
278,1500000000000000.0,20.0,900,25,0.245019,0.245024,5e-06,80.4014
279,1500000000000000.0,20.0,900,35,0.245019,0.245027,8e-06,79.2206
280,1500000000000000.0,20.0,900,45,0.245019,0.24503,1.1e-05,78.2661
281,1500000000000000.0,20.0,950,5,0.245019,0.245024,5e-06,75.1401
282,1500000000000000.0,20.0,950,15,0.245019,0.245039,2e-05,71.5601
283,1500000000000000.0,20.0,950,25,0.245019,0.245053,3.4e-05,70.695
284,1500000000000000.0,20.0,950,35,0.245019,0.245068,4.9e-05,69.7453
285,1500000000000000.0,20.0,950,45,0.245019,0.245083,6.4e-05,68.7562
286,1500000000000000.0,20.0,1000,5,0.245019,0.24505,3.1e-05,67.5161
287,1500000000000000.0,20.0,1000,15,0.245019,0.245116,9.7e-05,64.358
288,1500000000000000.0,20.0,1000,25,0.245019,0.245182,0.000163,61.8168
289,1500000000000000.0,20.0,1000,35,0.245019,0.245248,0.000229,60.0251
290,1500000000000000.0,20.0,1000,45,0.245019,0.245315,0.000296,58.6995
291,1500000000000000.0,20.0,1050,5,0.245019,0.24515,0.000131,61.5162
292,1500000000000000.0,20.0,1050,15,0.245019,0.245417,0.000398,56.5237
293,1500000000000000.0,20.0,1050,25,0.245019,0.245684,0.000665,54.4447
294,1500000000000000.0,20.0,1050,35,0.245019,0.245951,0.000932,53.2593
295,1500000000000000.0,20.0,1050,45,0.245019,0.246218,0.001199,52.4778
296,1500000000000000.0,20.0,1100,5,0.245019,0.245502,0.000483,55.3965
297,1500000000000000.0,20.0,1100,15,0.245019,0.246475,0.001456,51.8729
298,1500000000000000.0,20.0,1100,25,0.245019,0.247447,0.002428,50.6897
299,1500000000000000.0,20.0,1100,35,0.245019,0.248418,0.003399,50.0413
300,1500000000000000.0,20.0,1100,45,0.245019,0.249389,0.00437,49.6094
301,1500000000000000.0,30.0,900,5,0.317623,0.317622,-1e-06,77.1055
302,1500000000000000.0,30.0,900,15,0.317623,0.317624,1e-06,74.8819
303,1500000000000000.0,30.0,900,25,0.317623,0.317626,3e-06,73.8614
304,1500000000000000.0,30.0,900,35,0.317623,0.317628,5e-06,72.8673
305,1500000000000000.0,30.0,900,45,0.317623,0.31763,7e-06,71.9207
306,1500000000000000.0,30.0,950,5,0.317623,0.317626,3e-06,70.5565
307,1500000000000000.0,30.0,950,15,0.317623,0.317637,1.4e-05,66.6543
308,1500000000000000.0,30.0,950,25,0.317623,0.317648,2.5e-05,63.8849
309,1500000000000000.0,30.0,950,35,0.317623,0.317659,3.6e-05,61.931
310,1500000000000000.0,30.0,950,45,0.317623,0.31767,4.7e-05,60.511
311,1500000000000000.0,30.0,1000,5,0.317623,0.317645,2.2e-05,62.9343
312,1500000000000000.0,30.0,1000,15,0.317623,0.317695,7.2e-05,57.0598
313,1500000000000000.0,30.0,1000,25,0.317623,0.317745,0.000122,55.4461
314,1500000000000000.0,30.0,1000,35,0.317623,0.317795,0.000172,55.1343
315,1500000000000000.0,30.0,1000,45,0.317623,0.317845,0.000222,54.7923
316,1500000000000000.0,30.0,1050,5,0.317623,0.31772,9.7e-05,55.0825
317,1500000000000000.0,30.0,1050,15,0.317623,0.317922,0.000299,53.4865
318,1500000000000000.0,30.0,1050,25,0.317623,0.318123,0.0005,52.5948
319,1500000000000000.0,30.0,1050,35,0.317623,0.318325,0.000702,51.9212
320,1500000000000000.0,30.0,1050,45,0.317623,0.318526,0.000903,51.41
321,1500000000000000.0,30.0,1100,5,0.317623,0.317986,0.000363,52.718
322,1500000000000000.0,30.0,1100,15,0.317623,0.31872,0.001097,50.91
323,1500000000000000.0,30.0,1100,25,0.317623,0.319453,0.00183,50.0311
324,1500000000000000.0,30.0,1100,35,0.317623,0.320186,0.002563,49.4972
325,1500000000000000.0,30.0,1100,45,0.317623,0.320919,0.003296,49.126
326,1500000000000000.0,40.0,900,5,0.385598,0.385596,-2e-06,69.9917
327,1500000000000000.0,40.0,900,15,0.385598,0.385597,-1e-06,69.0607
328,1500000000000000.0,40.0,900,25,0.385598,0.385599,1e-06,68.3474
329,1500000000000000.0,40.0,900,35,0.385598,0.385601,3e-06,67.767
330,1500000000000000.0,40.0,900,45,0.385598,0.385603,5e-06,67.2288
331,1500000000000000.0,40.0,950,5,0.385598,0.385599,1e-06,65.6877
332,1500000000000000.0,40.0,950,15,0.385598,0.385608,1e-05,63.4559
333,1500000000000000.0,40.0,950,25,0.385598,0.385617,1.9e-05,61.7571
334,1500000000000000.0,40.0,950,35,0.385598,0.385626,2.8e-05,60.3786
335,1500000000000000.0,40.0,950,45,0.385598,0.385634,3.6e-05,59.2353
336,1500000000000000.0,40.0,1000,5,0.385598,0.385614,1.6e-05,60.8366
337,1500000000000000.0,40.0,1000,15,0.385598,0.385654,5.6e-05,56.5782
338,1500000000000000.0,40.0,1000,25,0.385598,0.385694,9.6e-05,54.3215
339,1500000000000000.0,40.0,1000,35,0.385598,0.385734,0.000136,53.0584
340,1500000000000000.0,40.0,1000,45,0.385598,0.385775,0.000177,52.3205
341,1500000000000000.0,40.0,1050,5,0.385598,0.385674,7.6e-05,55.0629
342,1500000000000000.0,40.0,1050,15,0.385598,0.385836,0.000238,51.2478
343,1500000000000000.0,40.0,1050,25,0.385598,0.385998,0.0004,50.8368
344,1500000000000000.0,40.0,1050,35,0.385598,0.38616,0.000562,50.604
345,1500000000000000.0,40.0,1050,45,0.385598,0.386321,0.000723,50.3597
346,1500000000000000.0,40.0,1100,5,0.385598,0.385888,0.00029,50.687
347,1500000000000000.0,40.0,1100,15,0.385598,0.386477,0.000879,49.9565
348,1500000000000000.0,40.0,1100,25,0.385598,0.387066,0.001468,49.432
349,1500000000000000.0,40.0,1100,35,0.385598,0.387656,0.002058,49.0529
350,1500000000000000.0,40.0,1100,45,0.385598,0.388245,0.002647,48.7698
351,1500000000000000.0,50.0,900,5,0.449354,0.449351,-3e-06,64.9385
352,1500000000000000.0,50.0,900,15,0.449354,0.449353,-1e-06,64.4947
353,1500000000000000.0,50.0,900,25,0.449354,0.449354,0.0,64.09
354,1500000000000000.0,50.0,900,35,0.449354,0.449356,2e-06,63.7361
355,1500000000000000.0,50.0,900,45,0.449354,0.449357,3e-06,63.4032
356,1500000000000000.0,50.0,950,5,0.449354,0.449354,0.0,61.8474
357,1500000000000000.0,50.0,950,15,0.449354,0.449361,7e-06,60.4833
358,1500000000000000.0,50.0,950,25,0.449354,0.449369,1.5e-05,59.4328
359,1500000000000000.0,50.0,950,35,0.449354,0.449376,2.2e-05,58.5632
360,1500000000000000.0,50.0,950,45,0.449354,0.449384,3e-05,57.8168
361,1500000000000000.0,50.0,1000,5,0.449354,0.449366,1.2e-05,58.4804
362,1500000000000000.0,50.0,1000,15,0.449354,0.4494,4.6e-05,55.7742
363,1500000000000000.0,50.0,1000,25,0.449354,0.449433,7.9e-05,54.0635
364,1500000000000000.0,50.0,1000,35,0.449354,0.449467,0.000113,52.8734
365,1500000000000000.0,50.0,1000,45,0.449354,0.4495,0.000146,52.0345
366,1500000000000000.0,50.0,1050,5,0.449354,0.449417,6.3e-05,54.5956
367,1500000000000000.0,50.0,1050,15,0.449354,0.449552,0.000198,51.0975
368,1500000000000000.0,50.0,1050,25,0.449354,0.449686,0.000332,49.9109
369,1500000000000000.0,50.0,1050,35,0.449354,0.449821,0.000467,49.5469
370,1500000000000000.0,50.0,1050,45,0.449354,0.449956,0.000602,49.4743
371,1500000000000000.0,50.0,1100,5,0.449354,0.449594,0.00024,50.691
372,1500000000000000.0,50.0,1100,15,0.449354,0.450086,0.000732,49.1408
373,1500000000000000.0,50.0,1100,25,0.449354,0.450577,0.001223,48.8974
374,1500000000000000.0,50.0,1100,35,0.449354,0.451068,0.001714,48.6544
375,1500000000000000.0,50.0,1100,45,0.449354,0.451559,0.002205,48.4491
376,2000000000000000.0,10.0,900,5,0.122412,0.122415,3e-06,183.773
377,2000000000000000.0,10.0,900,15,0.122412,0.122421,9e-06,159.337
378,2000000000000000.0,10.0,900,25,0.122412,0.122427,1.5e-05,143.799
379,2000000000000000.0,10.0,900,35,0.122412,0.122433,2.1e-05,133.396
380,2000000000000000.0,10.0,900,45,0.122412,0.122439,2.7e-05,125.71
381,2000000000000000.0,10.0,950,5,0.122412,0.122427,1.5e-05,134.642
382,2000000000000000.0,10.0,950,15,0.122412,0.122458,4.6e-05,102.767
383,2000000000000000.0,10.0,950,25,0.122412,0.122489,7.7e-05,89.7933
384,2000000000000000.0,10.0,950,35,0.122412,0.12252,0.000108,82.1835
385,2000000000000000.0,10.0,950,45,0.122412,0.122551,0.000139,77.0375
386,2000000000000000.0,10.0,1000,5,0.122412,0.122481,6.9e-05,87.9222
387,2000000000000000.0,10.0,1000,15,0.122412,0.122622,0.00021,66.8713
388,2000000000000000.0,10.0,1000,25,0.122412,0.122762,0.00035,60.0068
389,2000000000000000.0,10.0,1000,35,0.122412,0.122902,0.00049,56.3761
390,2000000000000000.0,10.0,1000,45,0.122412,0.123042,0.00063,54.0709
391,2000000000000000.0,10.0,1050,5,0.122412,0.122694,0.000282,61.183
392,2000000000000000.0,10.0,1050,15,0.122412,0.123259,0.000847,50.983
393,2000000000000000.0,10.0,1050,25,0.122412,0.123824,0.001412,48.0529
394,2000000000000000.0,10.0,1050,35,0.122412,0.12439,0.001978,46.5737
395,2000000000000000.0,10.0,1050,45,0.122412,0.124964,0.002552,45.6579
396,2000000000000000.0,10.0,1100,5,0.122412,0.123441,0.001029,49.4717
397,2000000000000000.0,10.0,1100,15,0.122412,0.125508,0.003096,44.9475
398,2000000000000000.0,10.0,1100,25,0.122412,0.131476,0.009064,43.7016
399,2000000000000000.0,10.0,1100,35,0.122412,0.145104,0.022692,43.0612
400,2000000000000000.0,10.0,1100,45,0.122412,0.158412,0.036,42.6593
401,2000000000000000.0,20.0,900,5,0.242064,0.242064,0.0,76.2113
402,2000000000000000.0,20.0,900,15,0.242064,0.242067,3e-06,70.6934
403,2000000000000000.0,20.0,900,25,0.242064,0.24207,6e-06,68.4411
404,2000000000000000.0,20.0,900,35,0.242064,0.242073,9e-06,67.3296
405,2000000000000000.0,20.0,900,45,0.242064,0.242075,1.1e-05,66.3835
406,2000000000000000.0,20.0,950,5,0.242064,0.24207,6e-06,63.2648
407,2000000000000000.0,20.0,950,15,0.242064,0.242084,2e-05,59.8024
408,2000000000000000.0,20.0,950,25,0.242064,0.242099,3.5e-05,58.7947
409,2000000000000000.0,20.0,950,35,0.242064,0.242113,4.9e-05,57.8391
410,2000000000000000.0,20.0,950,45,0.242064,0.242128,6.4e-05,56.8574
411,2000000000000000.0,20.0,1000,5,0.242064,0.242095,3.1e-05,55.6311
412,2000000000000000.0,20.0,1000,15,0.242064,0.242161,9.7e-05,52.3803
413,2000000000000000.0,20.0,1000,25,0.242064,0.242227,0.000163,49.8394
414,2000000000000000.0,20.0,1000,35,0.242064,0.242292,0.000228,48.0538
415,2000000000000000.0,20.0,1000,45,0.242064,0.242358,0.000294,46.7347
416,2000000000000000.0,20.0,1050,5,0.242064,0.242194,0.00013,49.3828
417,2000000000000000.0,20.0,1050,15,0.242064,0.242459,0.000395,44.3957
418,2000000000000000.0,20.0,1050,25,0.242064,0.242724,0.00066,42.3573
419,2000000000000000.0,20.0,1050,35,0.242064,0.242989,0.000925,41.2008
420,2000000000000000.0,20.0,1050,45,0.242064,0.243254,0.00119,40.4427
421,2000000000000000.0,20.0,1100,5,0.242064,0.242544,0.00048,43.1217
422,2000000000000000.0,20.0,1100,15,0.242064,0.24351,0.001446,39.747
423,2000000000000000.0,20.0,1100,25,0.242064,0.244474,0.00241,38.6505
424,2000000000000000.0,20.0,1100,35,0.242064,0.245437,0.003373,38.0632
425,2000000000000000.0,20.0,1100,45,0.242064,0.2464,0.004336,37.6838
426,2000000000000000.0,30.0,900,5,0.314476,0.314474,-2e-06,64.5727
427,2000000000000000.0,30.0,900,15,0.314476,0.314476,0.0,62.6303
428,2000000000000000.0,30.0,900,25,0.314476,0.314479,3e-06,61.7257
429,2000000000000000.0,30.0,900,35,0.314476,0.314481,5e-06,60.8089
430,2000000000000000.0,30.0,900,45,0.314476,0.314483,7e-06,59.9402
431,2000000000000000.0,30.0,950,5,0.314476,0.314478,2e-06,58.3416
432,2000000000000000.0,30.0,950,15,0.314476,0.314489,1.3e-05,54.6566
433,2000000000000000.0,30.0,950,25,0.314476,0.3145,2.4e-05,52.0997
434,2000000000000000.0,30.0,950,35,0.314476,0.314511,3.5e-05,50.3116
435,2000000000000000.0,30.0,950,45,0.314476,0.314522,4.6e-05,49.0144
436,2000000000000000.0,30.0,1000,5,0.314476,0.314497,2.1e-05,50.7784
437,2000000000000000.0,30.0,1000,15,0.314476,0.314547,7.1e-05,45.4518
438,2000000000000000.0,30.0,1000,25,0.314476,0.314596,0.00012,44.1177
439,2000000000000000.0,30.0,1000,35,0.314476,0.314646,0.00017,43.7372
440,2000000000000000.0,30.0,1000,45,0.314476,0.314696,0.00022,43.309
441,2000000000000000.0,30.0,1050,5,0.314476,0.314572,9.6e-05,43.3211
442,2000000000000000.0,30.0,1050,15,0.314476,0.314772,0.000296,41.8251
443,2000000000000000.0,30.0,1050,25,0.314476,0.314972,0.000496,40.8277
444,2000000000000000.0,30.0,1050,35,0.314476,0.315171,0.000695,40.1185
445,2000000000000000.0,30.0,1050,45,0.314476,0.315371,0.000895,39.5956
446,2000000000000000.0,30.0,1100,5,0.314476,0.314836,0.00036,40.9328
447,2000000000000000.0,30.0,1100,15,0.314476,0.315563,0.001087,39.0101
448,2000000000000000.0,30.0,1100,25,0.314476,0.316291,0.001815,38.1596
449,2000000000000000.0,30.0,1100,35,0.314476,0.317018,0.002542,37.6623
450,2000000000000000.0,30.0,1100,45,0.314476,0.317744,0.003268,37.3255
451,2000000000000000.0,40.0,900,5,0.382016,0.382014,-2e-06,58.1054
452,2000000000000000.0,40.0,900,15,0.382016,0.382016,0.0,57.2079
453,2000000000000000.0,40.0,900,25,0.382016,0.382018,2e-06,56.5952
454,2000000000000000.0,40.0,900,35,0.382016,0.382019,3e-06,56.0527
455,2000000000000000.0,40.0,900,45,0.382016,0.382021,5e-06,55.5268
456,2000000000000000.0,40.0,950,5,0.382016,0.382017,1e-06,53.8267
457,2000000000000000.0,40.0,950,15,0.382016,0.382026,1e-05,51.6328
458,2000000000000000.0,40.0,950,25,0.382016,0.382035,1.9e-05,49.9205
459,2000000000000000.0,40.0,950,35,0.382016,0.382044,2.8e-05,48.5509
460,2000000000000000.0,40.0,950,45,0.382016,0.382053,3.7e-05,47.4393
461,2000000000000000.0,40.0,1000,5,0.382016,0.382032,1.6e-05,48.819
462,2000000000000000.0,40.0,1000,15,0.382016,0.382072,5.6e-05,44.5692
463,2000000000000000.0,40.0,1000,25,0.382016,0.382112,9.6e-05,42.5186
464,2000000000000000.0,40.0,1000,35,0.382016,0.382152,0.000136,41.4369
465,2000000000000000.0,40.0,1000,45,0.382016,0.382192,0.000176,40.8555
466,2000000000000000.0,40.0,1050,5,0.382016,0.382092,7.6e-05,42.8486
467,2000000000000000.0,40.0,1050,15,0.382016,0.382253,0.000237,39.7007
468,2000000000000000.0,40.0,1050,25,0.382016,0.382414,0.000398,39.3899
469,2000000000000000.0,40.0,1050,35,0.382016,0.382575,0.000559,39.066
470,2000000000000000.0,40.0,1050,45,0.382016,0.382736,0.00072,38.7732
471,2000000000000000.0,40.0,1100,5,0.382016,0.382305,0.000289,39.0291
472,2000000000000000.0,40.0,1100,15,0.382016,0.382891,0.000875,38.2927
473,2000000000000000.0,40.0,1100,25,0.382016,0.383477,0.001461,37.7312
474,2000000000000000.0,40.0,1100,35,0.382016,0.384063,0.002047,37.3554
475,2000000000000000.0,40.0,1100,45,0.382016,0.384648,0.002632,37.0849
476,2000000000000000.0,50.0,900,5,0.444922,0.444919,-3e-06,53.4706
477,2000000000000000.0,50.0,900,15,0.444922,0.44492,-2e-06,53.0318
478,2000000000000000.0,50.0,900,25,0.444922,0.444922,0.0,52.6541
479,2000000000000000.0,50.0,900,35,0.444922,0.444923,1e-06,52.3062
480,2000000000000000.0,50.0,900,45,0.444922,0.444925,3e-06,51.9848
481,2000000000000000.0,50.0,950,5,0.444922,0.444921,-1e-06,50.2657
482,2000000000000000.0,50.0,950,15,0.444922,0.444929,7e-06,48.9073
483,2000000000000000.0,50.0,950,25,0.444922,0.444936,1.4e-05,47.8224
484,2000000000000000.0,50.0,950,35,0.444922,0.444944,2.2e-05,46.9206
485,2000000000000000.0,50.0,950,45,0.444922,0.444951,2.9e-05,46.1377
486,2000000000000000.0,50.0,1000,5,0.444922,0.444934,1.2e-05,46.7076
487,2000000000000000.0,50.0,1000,15,0.444922,0.444967,4.5e-05,43.8593
488,2000000000000000.0,50.0,1000,25,0.444922,0.445001,7.9e-05,42.1251
489,2000000000000000.0,50.0,1000,35,0.444922,0.445034,0.000112,41.018
490,2000000000000000.0,50.0,1000,45,0.444922,0.445068,0.000146,40.2868
491,2000000000000000.0,50.0,1050,5,0.444922,0.444984,6.2e-05,42.4918
492,2000000000000000.0,50.0,1050,15,0.444922,0.445119,0.000197,39.2201
493,2000000000000000.0,50.0,1050,25,0.444922,0.445253,0.000331,38.3877
494,2000000000000000.0,50.0,1050,35,0.444922,0.445388,0.000466,38.2358
495,2000000000000000.0,50.0,1050,45,0.444922,0.445523,0.000601,38.0992
496,2000000000000000.0,50.0,1100,5,0.444922,0.445161,0.000239,38.6776
497,2000000000000000.0,50.0,1100,15,0.444922,0.445652,0.00073,37.6956
498,2000000000000000.0,50.0,1100,25,0.444922,0.446142,0.00122,37.3586
499,2000000000000000.0,50.0,1100,35,0.444922,0.446633,0.001711,37.0871
500,2000000000000000.0,50.0,1100,45,0.444922,0.447123,0.002201,36.8755
501,2500000000000000.0,10.0,900,5,0.123754,0.123756,2e-06,165.455
502,2500000000000000.0,10.0,900,15,0.123754,0.123763,9e-06,144.479
503,2500000000000000.0,10.0,900,25,0.123754,0.123769,1.5e-05,130.536
504,2500000000000000.0,10.0,900,35,0.123754,0.123775,2.1e-05,121.027
505,2500000000000000.0,10.0,900,45,0.123754,0.123781,2.7e-05,113.956
506,2500000000000000.0,10.0,950,5,0.123754,0.123769,1.5e-05,121.716
507,2500000000000000.0,10.0,950,15,0.123754,0.1238,4.6e-05,92.3482
508,2500000000000000.0,10.0,950,25,0.123754,0.123832,7.8e-05,80.1606
509,2500000000000000.0,10.0,950,35,0.123754,0.123863,0.000109,72.9519
510,2500000000000000.0,10.0,950,45,0.123754,0.123894,0.00014,68.0523
511,2500000000000000.0,10.0,1000,5,0.123754,0.123824,7e-05,78.1324
512,2500000000000000.0,10.0,1000,15,0.123754,0.123965,0.000211,58.1132
513,2500000000000000.0,10.0,1000,25,0.123754,0.124107,0.000353,51.5209
514,2500000000000000.0,10.0,1000,35,0.123754,0.124248,0.000494,47.9961
515,2500000000000000.0,10.0,1000,45,0.123754,0.124389,0.000635,45.7472
516,2500000000000000.0,10.0,1050,5,0.123754,0.124038,0.000284,52.4198
517,2500000000000000.0,10.0,1050,15,0.123754,0.124608,0.000854,42.5632
518,2500000000000000.0,10.0,1050,25,0.123754,0.125177,0.001423,39.7302
519,2500000000000000.0,10.0,1050,35,0.123754,0.125748,0.001994,38.2961
520,2500000000000000.0,10.0,1050,45,0.123754,0.126334,0.00258,37.4111
521,2500000000000000.0,10.0,1100,5,0.123754,0.124791,0.001037,40.9447
522,2500000000000000.0,10.0,1100,15,0.123754,0.126887,0.003133,36.628
523,2500000000000000.0,10.0,1100,25,0.123754,0.135604,0.01185,35.4542
524,2500000000000000.0,10.0,1100,35,0.123754,0.15121,0.027456,34.861
525,2500000000000000.0,10.0,1100,45,0.123754,0.165571,0.041817,34.4926
526,2500000000000000.0,20.0,900,5,0.249254,0.249253,-1e-06,67.1319
527,2500000000000000.0,20.0,900,15,0.249254,0.249256,2e-06,62.4337
528,2500000000000000.0,20.0,900,25,0.249254,0.249259,5e-06,60.2313
529,2500000000000000.0,20.0,900,35,0.249254,0.249262,8e-06,59.1691
530,2500000000000000.0,20.0,900,45,0.249254,0.249265,1.1e-05,58.3799
531,2500000000000000.0,20.0,950,5,0.249254,0.249259,5e-06,55.2798
532,2500000000000000.0,20.0,950,15,0.249254,0.249273,1.9e-05,52.1046
533,2500000000000000.0,20.0,950,25,0.249254,0.249288,3.4e-05,51.0747
534,2500000000000000.0,20.0,950,35,0.249254,0.249302,4.8e-05,50.1748
535,2500000000000000.0,20.0,950,45,0.249254,0.249316,6.2e-05,49.2534
536,2500000000000000.0,20.0,1000,5,0.249254,0.249284,3e-05,48.0035
537,2500000000000000.0,20.0,1000,15,0.249254,0.249349,9.5e-05,44.887
538,2500000000000000.0,20.0,1000,25,0.249254,0.249413,0.000159,42.4524
539,2500000000000000.0,20.0,1000,35,0.249254,0.249478,0.000224,40.7294
540,2500000000000000.0,20.0,1000,45,0.249254,0.249543,0.000289,39.4504
541,2500000000000000.0,20.0,1050,5,0.249254,0.249382,0.000128,41.8865
542,2500000000000000.0,20.0,1050,15,0.249254,0.249643,0.000389,37.0476
543,2500000000000000.0,20.0,1050,25,0.249254,0.249904,0.00065,35.0607
544,2500000000000000.0,20.0,1050,35,0.249254,0.250165,0.000911,33.9274
545,2500000000000000.0,20.0,1050,45,0.249254,0.250426,0.001172,33.1889
546,2500000000000000.0,20.0,1100,5,0.249254,0.249727,0.000473,35.69
547,2500000000000000.0,20.0,1100,15,0.249254,0.250678,0.001424,32.4321
548,2500000000000000.0,20.0,1100,25,0.249254,0.251628,0.002374,31.3858
549,2500000000000000.0,20.0,1100,35,0.249254,0.252579,0.003325,30.8352
550,2500000000000000.0,20.0,1100,45,0.249254,0.253529,0.004275,30.4807
551,2500000000000000.0,30.0,900,5,0.322369,0.322367,-2e-06,56.1356
552,2500000000000000.0,30.0,900,15,0.322369,0.322369,0.0,54.4311
553,2500000000000000.0,30.0,900,25,0.322369,0.322371,2e-06,53.6645
554,2500000000000000.0,30.0,900,35,0.322369,0.322374,5e-06,52.8691
555,2500000000000000.0,30.0,900,45,0.322369,0.322376,7e-06,52.113
556,2500000000000000.0,30.0,950,5,0.322369,0.322371,2e-06,50.3121
557,2500000000000000.0,30.0,950,15,0.322369,0.322382,1.3e-05,47.0461
558,2500000000000000.0,30.0,950,25,0.322369,0.322393,2.4e-05,44.7675
559,2500000000000000.0,30.0,950,35,0.322369,0.322404,3.5e-05,43.1608
560,2500000000000000.0,30.0,950,45,0.322369,0.322415,4.6e-05,41.9833
561,2500000000000000.0,30.0,1000,5,0.322369,0.32239,2.1e-05,43.2256
562,2500000000000000.0,30.0,1000,15,0.322369,0.322439,7e-05,38.4412
563,2500000000000000.0,30.0,1000,25,0.322369,0.322488,0.000119,37.252
564,2500000000000000.0,30.0,1000,35,0.322369,0.322537,0.000168,36.8047
565,2500000000000000.0,30.0,1000,45,0.322369,0.322586,0.000217,36.3373
566,2500000000000000.0,30.0,1050,5,0.322369,0.322464,9.5e-05,36.2656
567,2500000000000000.0,30.0,1050,15,0.322369,0.322662,0.000293,34.7552
568,2500000000000000.0,30.0,1050,25,0.322369,0.32286,0.000491,33.7106
569,2500000000000000.0,30.0,1050,35,0.322369,0.323058,0.000689,32.9869
570,2500000000000000.0,30.0,1050,45,0.322369,0.323256,0.000887,32.462
571,2500000000000000.0,30.0,1100,5,0.322369,0.322725,0.000356,33.7819
572,2500000000000000.0,30.0,1100,15,0.322369,0.323447,0.001078,31.8144
573,2500000000000000.0,30.0,1100,25,0.322369,0.324168,0.001799,30.9842
574,2500000000000000.0,30.0,1100,35,0.322369,0.324888,0.002519,30.5097
575,2500000000000000.0,30.0,1100,45,0.322369,0.325608,0.003239,30.1906
576,2500000000000000.0,40.0,900,5,0.39078,0.390778,-2e-06,50.2973
577,2500000000000000.0,40.0,900,15,0.39078,0.39078,0.0,49.476
578,2500000000000000.0,40.0,900,25,0.39078,0.390781,1e-06,48.9494
579,2500000000000000.0,40.0,900,35,0.39078,0.390783,3e-06,48.4496
580,2500000000000000.0,40.0,900,45,0.39078,0.390785,5e-06,47.9645
581,2500000000000000.0,40.0,950,5,0.39078,0.390781,1e-06,46.1863
582,2500000000000000.0,40.0,950,15,0.39078,0.39079,1e-05,44.1504
583,2500000000000000.0,40.0,950,25,0.39078,0.390799,1.9e-05,42.5353
584,2500000000000000.0,40.0,950,35,0.39078,0.390807,2.7e-05,41.2528
585,2500000000000000.0,40.0,950,45,0.39078,0.390816,3.6e-05,40.2251
586,2500000000000000.0,40.0,1000,5,0.39078,0.390796,1.6e-05,41.321
587,2500000000000000.0,40.0,1000,15,0.39078,0.390836,5.6e-05,37.3006
588,2500000000000000.0,40.0,1000,25,0.39078,0.390875,9.5e-05,35.4534
589,2500000000000000.0,40.0,1000,35,0.39078,0.390915,0.000135,34.5002
590,2500000000000000.0,40.0,1000,45,0.39078,0.390955,0.000175,34.011
591,2500000000000000.0,40.0,1050,5,0.39078,0.390856,7.6e-05,35.4738
592,2500000000000000.0,40.0,1050,15,0.39078,0.391016,0.000236,32.8255
593,2500000000000000.0,40.0,1050,25,0.39078,0.391175,0.000395,32.4573
594,2500000000000000.0,40.0,1050,35,0.39078,0.391335,0.000555,32.0812
595,2500000000000000.0,40.0,1050,45,0.39078,0.391495,0.000715,31.761
596,2500000000000000.0,40.0,1100,5,0.39078,0.391066,0.000286,32.1045
597,2500000000000000.0,40.0,1100,15,0.39078,0.391648,0.000868,31.2216
598,2500000000000000.0,40.0,1100,25,0.39078,0.39223,0.00145,30.6409
599,2500000000000000.0,40.0,1100,35,0.39078,0.392812,0.002032,30.2687
600,2500000000000000.0,40.0,1100,45,0.39078,0.393394,0.002614,30.0071
601,2500000000000000.0,50.0,900,5,0.454986,0.454983,-3e-06,46.0966
602,2500000000000000.0,50.0,900,15,0.454986,0.454985,-1e-06,45.6726
603,2500000000000000.0,50.0,900,25,0.454986,0.454986,0.0,45.3292
604,2500000000000000.0,50.0,900,35,0.454986,0.454988,2e-06,45.0132
605,2500000000000000.0,50.0,900,45,0.454986,0.454989,3e-06,44.7105
606,2500000000000000.0,50.0,950,5,0.454986,0.454986,0.0,42.9374
607,2500000000000000.0,50.0,950,15,0.454986,0.454993,7e-06,41.6639
608,2500000000000000.0,50.0,950,25,0.454986,0.455001,1.5e-05,40.62
609,2500000000000000.0,50.0,950,35,0.454986,0.455008,2.2e-05,39.7288
610,2500000000000000.0,50.0,950,45,0.454986,0.455015,2.9e-05,38.9598
611,2500000000000000.0,50.0,1000,5,0.454986,0.454998,1.2e-05,39.4236
612,2500000000000000.0,50.0,1000,15,0.454986,0.455031,4.5e-05,36.5897
613,2500000000000000.0,50.0,1000,25,0.454986,0.455064,7.8e-05,34.9414
614,2500000000000000.0,50.0,1000,35,0.454986,0.455098,0.000112,33.9306
615,2500000000000000.0,50.0,1000,45,0.454986,0.455131,0.000145,33.28
616,2500000000000000.0,50.0,1050,5,0.454986,0.455048,6.2e-05,35.1166
617,2500000000000000.0,50.0,1050,15,0.454986,0.455181,0.000195,32.1313
618,2500000000000000.0,50.0,1050,25,0.454986,0.455315,0.000329,31.4896
619,2500000000000000.0,50.0,1050,35,0.454986,0.455449,0.000463,31.3343
620,2500000000000000.0,50.0,1050,45,0.454986,0.455582,0.000596,31.1619
621,2500000000000000.0,50.0,1100,5,0.454986,0.455224,0.000238,31.4996
622,2500000000000000.0,50.0,1100,15,0.454986,0.455711,0.000725,30.7065
623,2500000000000000.0,50.0,1100,25,0.454986,0.456197,0.001211,30.3302
624,2500000000000000.0,50.0,1100,35,0.454986,0.456684,0.001698,30.0505
625,2500000000000000.0,50.0,1100,45,0.454986,0.45717,0.002184,29.8406
626,500000000000000.0,12.5,900,5,0.161087,0.161088,1e-06,288.758
627,500000000000000.0,12.5,900,15,0.161087,0.161093,6e-06,260.081
628,500000000000000.0,12.5,900,25,0.161087,0.161097,1e-05,246.06
629,500000000000000.0,12.5,900,35,0.161087,0.161102,1.5e-05,237.171
630,500000000000000.0,12.5,900,45,0.161087,0.161106,1.9e-05,230.61
631,500000000000000.0,12.5,950,5,0.161087,0.161097,1e-05,239.74
632,500000000000000.0,12.5,950,15,0.161087,0.16112,3.3e-05,212.098
633,500000000000000.0,12.5,950,25,0.161087,0.161143,5.6e-05,200.47
634,500000000000000.0,12.5,950,35,0.161087,0.161165,7.8e-05,193.382
635,500000000000000.0,12.5,950,45,0.161087,0.161188,0.000101,188.449
636,500000000000000.0,12.5,1000,5,0.161087,0.161137,5e-05,201.21
637,500000000000000.0,12.5,1000,15,0.161087,0.161239,0.000152,180.745
638,500000000000000.0,12.5,1000,25,0.161087,0.161341,0.000254,173.357
639,500000000000000.0,12.5,1000,35,0.161087,0.161443,0.000356,169.208
640,500000000000000.0,12.5,1000,45,0.161087,0.161545,0.000458,166.471
641,500000000000000.0,12.5,1050,5,0.161087,0.161291,0.000204,177.072
642,500000000000000.0,12.5,1050,15,0.161087,0.161703,0.000616,164.412
643,500000000000000.0,12.5,1050,25,0.161087,0.162114,0.001027,160.212
644,500000000000000.0,12.5,1050,35,0.161087,0.162525,0.001438,157.882
645,500000000000000.0,12.5,1050,45,0.161087,0.162934,0.001847,156.317
646,500000000000000.0,12.5,1100,5,0.161087,0.161835,0.000748,163.858
647,500000000000000.0,12.5,1100,15,0.161087,0.163327,0.00224,156.065
648,500000000000000.0,12.5,1100,25,0.161087,0.164814,0.003727,153.333
649,500000000000000.0,12.5,1100,35,0.161087,0.1663,0.005213,151.712
650,500000000000000.0,12.5,1100,45,0.161087,0.167794,0.006707,150.553
651,1000000000000000.0,12.5,900,5,0.166043,0.166044,1e-06,189.909
652,1000000000000000.0,12.5,900,15,0.166043,0.166049,6e-06,171.658
653,1000000000000000.0,12.5,900,25,0.166043,0.166053,1e-05,161.217
654,1000000000000000.0,12.5,900,35,0.166043,0.166057,1.4e-05,154.293
655,1000000000000000.0,12.5,900,45,0.166043,0.166062,1.9e-05,149.025
656,1000000000000000.0,12.5,950,5,0.166043,0.166053,1e-05,153.457
657,1000000000000000.0,12.5,950,15,0.166043,0.166076,3.3e-05,131.189
658,1000000000000000.0,12.5,950,25,0.166043,0.166098,5.5e-05,121.036
659,1000000000000000.0,12.5,950,35,0.166043,0.166121,7.8e-05,114.683
660,1000000000000000.0,12.5,950,45,0.166043,0.166143,0.0001,110.212
661,1000000000000000.0,12.5,1000,5,0.166043,0.166093,5e-05,119.519
662,1000000000000000.0,12.5,1000,15,0.166043,0.166194,0.000151,101.531
663,1000000000000000.0,12.5,1000,25,0.166043,0.166296,0.000253,95.079
664,1000000000000000.0,12.5,1000,35,0.166043,0.166398,0.000355,91.5358
665,1000000000000000.0,12.5,1000,45,0.166043,0.166499,0.000456,89.2414
666,1000000000000000.0,12.5,1050,5,0.166043,0.166247,0.000204,96.8967
667,1000000000000000.0,12.5,1050,15,0.166043,0.166657,0.000614,86.6904
668,1000000000000000.0,12.5,1050,25,0.166043,0.167067,0.001024,83.5636
669,1000000000000000.0,12.5,1050,35,0.166043,0.167477,0.001434,81.9074
670,1000000000000000.0,12.5,1050,45,0.166043,0.167887,0.001844,80.8424
671,1000000000000000.0,12.5,1100,5,0.166043,0.166788,0.000745,85.6157
672,1000000000000000.0,12.5,1100,15,0.166043,0.168281,0.002238,80.3387
673,1000000000000000.0,12.5,1100,25,0.166043,0.169772,0.003729,78.7
674,1000000000000000.0,12.5,1100,35,0.166043,0.171259,0.005216,77.808
675,1000000000000000.0,12.5,1100,45,0.166043,0.172775,0.006732,77.2131
676,1500000000000000.0,12.5,900,5,0.166236,0.166238,2e-06,152.946
677,1500000000000000.0,12.5,900,15,0.166236,0.166242,6e-06,139.007
678,1500000000000000.0,12.5,900,25,0.166236,0.166246,1e-05,130.235
679,1500000000000000.0,12.5,900,35,0.166236,0.166251,1.5e-05,124.299
680,1500000000000000.0,12.5,900,45,0.166236,0.166255,1.9e-05,119.741
681,1500000000000000.0,12.5,950,5,0.166236,0.166246,1e-05,122.539
682,1500000000000000.0,12.5,950,15,0.166236,0.166269,3.3e-05,103.181
683,1500000000000000.0,12.5,950,25,0.166236,0.166291,5.5e-05,93.9884
684,1500000000000000.0,12.5,950,35,0.166236,0.166314,7.8e-05,88.1231
685,1500000000000000.0,12.5,950,45,0.166236,0.166336,0.0001,83.9504
686,1500000000000000.0,12.5,1000,5,0.166236,0.166286,5e-05,91.8355
687,1500000000000000.0,12.5,1000,15,0.166236,0.166387,0.000151,75.1264
688,1500000000000000.0,12.5,1000,25,0.166236,0.166488,0.000252,69.0218
689,1500000000000000.0,12.5,1000,35,0.166236,0.16659,0.000354,65.66
690,1500000000000000.0,12.5,1000,45,0.166236,0.166691,0.000455,63.4837
691,1500000000000000.0,12.5,1050,5,0.166236,0.166439,0.000203,70.1328
692,1500000000000000.0,12.5,1050,15,0.166236,0.166848,0.000612,60.6701
693,1500000000000000.0,12.5,1050,25,0.166236,0.167257,0.001021,57.8032
694,1500000000000000.0,12.5,1050,35,0.166236,0.167665,0.001429,56.3164
695,1500000000000000.0,12.5,1050,45,0.166236,0.168074,0.001838,55.3804
696,1500000000000000.0,12.5,1100,5,0.166236,0.166979,0.000743,59.3255
697,1500000000000000.0,12.5,1100,15,0.166236,0.168467,0.002231,54.7439
698,1500000000000000.0,12.5,1100,25,0.166236,0.169952,0.003716,53.4068
699,1500000000000000.0,12.5,1100,35,0.166236,0.171449,0.005213,52.7047
700,1500000000000000.0,12.5,1100,45,0.166236,0.173117,0.006881,52.2585
701,2000000000000000.0,12.5,900,5,0.163447,0.163448,1e-06,132.692
702,2000000000000000.0,12.5,900,15,0.163447,0.163453,6e-06,121.178
703,2000000000000000.0,12.5,900,25,0.163447,0.163457,1e-05,113.419
704,2000000000000000.0,12.5,900,35,0.163447,0.163461,1.4e-05,108.089
705,2000000000000000.0,12.5,900,45,0.163447,0.163466,1.9e-05,103.983
706,2000000000000000.0,12.5,950,5,0.163447,0.163457,1e-05,105.963
707,2000000000000000.0,12.5,950,15,0.163447,0.163479,3.2e-05,88.4965
708,2000000000000000.0,12.5,950,25,0.163447,0.163502,5.5e-05,80.0094
709,2000000000000000.0,12.5,950,35,0.163447,0.163524,7.7e-05,74.5208
710,2000000000000000.0,12.5,950,45,0.163447,0.163546,9.9e-05,70.5842
711,2000000000000000.0,12.5,1000,5,0.163447,0.163496,4.9e-05,77.6281
712,2000000000000000.0,12.5,1000,15,0.163447,0.163597,0.00015,61.8754
713,2000000000000000.0,12.5,1000,25,0.163447,0.163697,0.00025,56.0166
714,2000000000000000.0,12.5,1000,35,0.163447,0.163798,0.000351,52.7784
715,2000000000000000.0,12.5,1000,45,0.163447,0.163898,0.000451,50.6793
716,2000000000000000.0,12.5,1050,5,0.163447,0.163648,0.000201,56.7695
717,2000000000000000.0,12.5,1050,15,0.163447,0.164054,0.000607,47.6921
718,2000000000000000.0,12.5,1050,25,0.163447,0.164459,0.001012,44.9402
719,2000000000000000.0,12.5,1050,35,0.163447,0.164865,0.001418,43.5219
720,2000000000000000.0,12.5,1050,45,0.163447,0.16527,0.001823,42.6339
721,2000000000000000.0,12.5,1100,5,0.163447,0.164184,0.000737,46.1757
722,2000000000000000.0,12.5,1100,15,0.163447,0.16566,0.002213,41.901
723,2000000000000000.0,12.5,1100,25,0.163447,0.167139,0.003692,40.6912
724,2000000000000000.0,12.5,1100,35,0.163447,0.168727,0.00528,40.0728
725,2000000000000000.0,12.5,1100,45,0.163447,0.171959,0.008512,39.6853
726,2500000000000000.0,12.5,900,5,0.167786,0.167787,1e-06,117.995
727,2500000000000000.0,12.5,900,15,0.167786,0.167792,6e-06,108.39
728,2500000000000000.0,12.5,900,25,0.167786,0.167796,1e-05,101.525
729,2500000000000000.0,12.5,900,35,0.167786,0.1678,1.4e-05,96.7382
730,2500000000000000.0,12.5,900,45,0.167786,0.167805,1.9e-05,93.0454
731,2500000000000000.0,12.5,950,5,0.167786,0.167796,1e-05,94.4191
732,2500000000000000.0,12.5,950,15,0.167786,0.167818,3.2e-05,78.6866
733,2500000000000000.0,12.5,950,25,0.167786,0.16784,5.4e-05,70.9108
734,2500000000000000.0,12.5,950,35,0.167786,0.167862,7.6e-05,65.816
735,2500000000000000.0,12.5,950,45,0.167786,0.167884,9.8e-05,62.1309
736,2500000000000000.0,12.5,1000,5,0.167786,0.167835,4.9e-05,68.443
737,2500000000000000.0,12.5,1000,15,0.167786,0.167934,0.000148,53.6998
738,2500000000000000.0,12.5,1000,25,0.167786,0.168034,0.000248,48.1057
739,2500000000000000.0,12.5,1000,35,0.167786,0.168134,0.000348,44.9998
740,2500000000000000.0,12.5,1000,45,0.167786,0.168233,0.000447,42.9576
741,2500000000000000.0,12.5,1050,5,0.167786,0.167986,0.0002,48.6301
742,2500000000000000.0,12.5,1050,15,0.167786,0.168387,0.000601,39.8861
743,2500000000000000.0,12.5,1050,25,0.167786,0.168788,0.001002,37.222
744,2500000000000000.0,12.5,1050,35,0.167786,0.16919,0.001404,35.8497
745,2500000000000000.0,12.5,1050,45,0.167786,0.16959,0.001804,34.9881
746,2500000000000000.0,12.5,1100,5,0.167786,0.168516,0.00073,38.2861
747,2500000000000000.0,12.5,1100,15,0.167786,0.169975,0.002189,34.1892
748,2500000000000000.0,12.5,1100,25,0.167786,0.171431,0.003645,33.0425
749,2500000000000000.0,12.5,1100,35,0.167786,0.173061,0.005275,32.4664
750,2500000000000000.0,12.5,1100,45,0.167786,0.1779,0.010114,32.1056
751,500000000000000.0,15.0,900,5,0.198898,0.198898,0.0,225.202
752,500000000000000.0,15.0,900,15,0.198898,0.198902,4e-06,213.135
753,500000000000000.0,15.0,900,25,0.198898,0.198905,7e-06,207.131
754,500000000000000.0,15.0,900,35,0.198898,0.198909,1.1e-05,203.407
755,500000000000000.0,15.0,900,45,0.198898,0.198912,1.4e-05,200.619
756,500000000000000.0,15.0,950,5,0.198898,0.198905,7e-06,202.05
757,500000000000000.0,15.0,950,15,0.198898,0.198923,2.5e-05,189.914
758,500000000000000.0,15.0,950,25,0.198898,0.198941,4.3e-05,183.974
759,500000000000000.0,15.0,950,35,0.198898,0.198959,6.1e-05,179.868
760,500000000000000.0,15.0,950,45,0.198898,0.198977,7.9e-05,176.76
761,500000000000000.0,15.0,1000,5,0.198898,0.198936,3.8e-05,183.314
762,500000000000000.0,15.0,1000,15,0.198898,0.199017,0.000119,171.034
763,500000000000000.0,15.0,1000,25,0.198898,0.199098,0.0002,165.644
764,500000000000000.0,15.0,1000,35,0.198898,0.199179,0.000281,162.388
765,500000000000000.0,15.0,1000,45,0.198898,0.19926,0.000362,160.145
766,500000000000000.0,15.0,1050,5,0.198898,0.199059,0.000161,168.154
767,500000000000000.0,15.0,1050,15,0.198898,0.199385,0.000487,158.317
768,500000000000000.0,15.0,1050,25,0.198898,0.199711,0.000813,154.703
769,500000000000000.0,15.0,1050,35,0.198898,0.200037,0.001139,152.651
770,500000000000000.0,15.0,1050,45,0.198898,0.200363,0.001465,151.259
771,500000000000000.0,15.0,1100,5,0.198898,0.19949,0.000592,157.76
772,500000000000000.0,15.0,1100,15,0.198898,0.200677,0.001779,150.989
773,500000000000000.0,15.0,1100,25,0.198898,0.201861,0.002963,148.537
774,500000000000000.0,15.0,1100,35,0.198898,0.203045,0.004147,147.061
775,500000000000000.0,15.0,1100,45,0.198898,0.204227,0.005329,146.006
776,1000000000000000.0,15.0,900,5,0.206113,0.206113,0.0,142.814
777,1000000000000000.0,15.0,900,15,0.206113,0.206117,4e-06,135.527
778,1000000000000000.0,15.0,900,25,0.206113,0.20612,7e-06,131.059
779,1000000000000000.0,15.0,900,35,0.206113,0.206123,1e-05,128.128
780,1000000000000000.0,15.0,900,45,0.206113,0.206127,1.4e-05,125.854
781,1000000000000000.0,15.0,950,5,0.206113,0.20612,7e-06,124.663
782,1000000000000000.0,15.0,950,15,0.206113,0.206138,2.5e-05,114.845
783,1000000000000000.0,15.0,950,25,0.206113,0.206155,4.2e-05,109.461
784,1000000000000000.0,15.0,950,35,0.206113,0.206173,6e-05,105.616
785,1000000000000000.0,15.0,950,45,0.206113,0.206191,7.8e-05,102.673
786,1000000000000000.0,15.0,1000,5,0.206113,0.206151,3.8e-05,107.243
787,1000000000000000.0,15.0,1000,15,0.206113,0.206231,0.000118,95.882
788,1000000000000000.0,15.0,1000,25,0.206113,0.206311,0.000198,90.9433
789,1000000000000000.0,15.0,1000,35,0.206113,0.20639,0.000277,88.0339
790,1000000000000000.0,15.0,1000,45,0.206113,0.20647,0.000357,86.0749
791,1000000000000000.0,15.0,1050,5,0.206113,0.206272,0.000159,92.069
792,1000000000000000.0,15.0,1050,15,0.206113,0.206593,0.00048,83.7375
793,1000000000000000.0,15.0,1050,25,0.206113,0.206915,0.000802,80.9257
794,1000000000000000.0,15.0,1050,35,0.206113,0.207237,0.001124,79.4019
795,1000000000000000.0,15.0,1050,45,0.206113,0.207559,0.001446,78.4091
796,1000000000000000.0,15.0,1100,5,0.206113,0.206697,0.000584,82.7072
797,1000000000000000.0,15.0,1100,15,0.206113,0.207868,0.001755,77.918
798,1000000000000000.0,15.0,1100,25,0.206113,0.209039,0.002926,76.3758
799,1000000000000000.0,15.0,1100,35,0.206113,0.210209,0.004096,75.5215
800,1000000000000000.0,15.0,1100,45,0.206113,0.211378,0.005265,74.9475
801,1500000000000000.0,15.0,900,5,0.206984,0.206984,0.0,113.094
802,1500000000000000.0,15.0,900,15,0.206984,0.206987,3e-06,107.793
803,1500000000000000.0,15.0,900,25,0.206984,0.206991,7e-06,103.993
804,1500000000000000.0,15.0,900,35,0.206984,0.206994,1e-05,101.436
805,1500000000000000.0,15.0,900,45,0.206984,0.206998,1.4e-05,99.4388
806,1500000000000000.0,15.0,950,5,0.206984,0.206991,7e-06,97.5828
807,1500000000000000.0,15.0,950,15,0.206984,0.207008,2.4e-05,88.9761
808,1500000000000000.0,15.0,950,25,0.206984,0.207026,4.2e-05,84.0718
809,1500000000000000.0,15.0,950,35,0.206984,0.207043,5.9e-05,80.493
810,1500000000000000.0,15.0,950,45,0.206984,0.207061,7.7e-05,77.7202
811,1500000000000000.0,15.0,1000,5,0.206984,0.207022,3.8e-05,81.4188
812,1500000000000000.0,15.0,1000,15,0.206984,0.207101,0.000117,70.713
813,1500000000000000.0,15.0,1000,25,0.206984,0.20718,0.000196,65.9676
814,1500000000000000.0,15.0,1000,35,0.206984,0.207259,0.000275,63.1664
815,1500000000000000.0,15.0,1000,45,0.206984,0.207338,0.000354,61.2827
816,1500000000000000.0,15.0,1050,5,0.206984,0.207141,0.000157,66.5388
817,1500000000000000.0,15.0,1050,15,0.206984,0.207461,0.000477,58.6591
818,1500000000000000.0,15.0,1050,25,0.206984,0.20778,0.000796,56.0619
819,1500000000000000.0,15.0,1050,35,0.206984,0.208099,0.001115,54.6799
820,1500000000000000.0,15.0,1050,45,0.206984,0.208418,0.001434,53.7908
821,1500000000000000.0,15.0,1100,5,0.206984,0.207563,0.000579,57.3715
822,1500000000000000.0,15.0,1100,15,0.206984,0.208725,0.001741,53.1515
823,1500000000000000.0,15.0,1100,25,0.206984,0.209886,0.002902,51.8737
824,1500000000000000.0,15.0,1100,35,0.206984,0.211047,0.004063,51.1904
825,1500000000000000.0,15.0,1100,45,0.206984,0.212208,0.005224,50.7519
826,2000000000000000.0,15.0,900,5,0.204001,0.204001,0.0,97.1039
827,2000000000000000.0,15.0,900,15,0.204001,0.204005,4e-06,92.9437
828,2000000000000000.0,15.0,900,25,0.204001,0.204008,7e-06,89.5529
829,2000000000000000.0,15.0,900,35,0.204001,0.204011,1e-05,87.2213
830,2000000000000000.0,15.0,900,45,0.204001,0.204015,1.4e-05,85.4002
831,2000000000000000.0,15.0,950,5,0.204001,0.204008,7e-06,83.3145
832,2000000000000000.0,15.0,950,15,0.204001,0.204025,2.4e-05,75.4928
833,2000000000000000.0,15.0,950,25,0.204001,0.204043,4.2e-05,70.9719
834,2000000000000000.0,15.0,950,35,0.204001,0.20406,5.9e-05,67.6265
835,2000000000000000.0,15.0,950,45,0.204001,0.204078,7.7e-05,65.0098
836,2000000000000000.0,15.0,1000,5,0.204001,0.204038,3.7e-05,68.1852
837,2000000000000000.0,15.0,1000,15,0.204001,0.204117,0.000116,58.0589
838,2000000000000000.0,15.0,1000,25,0.204001,0.204196,0.000195,53.4779
839,2000000000000000.0,15.0,1000,35,0.204001,0.204274,0.000273,50.7571
840,2000000000000000.0,15.0,1000,45,0.204001,0.204353,0.000352,48.9207
841,2000000000000000.0,15.0,1050,5,0.204001,0.204158,0.000157,53.7629
842,2000000000000000.0,15.0,1050,15,0.204001,0.204475,0.000474,46.1557
843,2000000000000000.0,15.0,1050,25,0.204001,0.204792,0.000791,43.6311
844,2000000000000000.0,15.0,1050,35,0.204001,0.205109,0.001108,42.2948
845,2000000000000000.0,15.0,1050,45,0.204001,0.205425,0.001424,41.4498
846,2000000000000000.0,15.0,1100,5,0.204001,0.204576,0.000575,44.7054
847,2000000000000000.0,15.0,1100,15,0.204001,0.205731,0.00173,40.7255
848,2000000000000000.0,15.0,1100,25,0.204001,0.206884,0.002883,39.5509
849,2000000000000000.0,15.0,1100,35,0.204001,0.208038,0.004037,38.9431
850,2000000000000000.0,15.0,1100,45,0.204001,0.209197,0.005196,38.5539
851,2500000000000000.0,15.0,900,5,0.210834,0.210834,0.0,85.5229
852,2500000000000000.0,15.0,900,15,0.210834,0.210837,3e-06,82.2667
853,2500000000000000.0,15.0,900,25,0.210834,0.210841,7e-06,79.2757
854,2500000000000000.0,15.0,900,35,0.210834,0.210844,1e-05,77.169
855,2500000000000000.0,15.0,900,45,0.210834,0.210847,1.3e-05,75.5253
856,2500000000000000.0,15.0,950,5,0.210834,0.210841,7e-06,73.3562
857,2500000000000000.0,15.0,950,15,0.210834,0.210858,2.4e-05,66.3183
858,2500000000000000.0,15.0,950,25,0.210834,0.210875,4.1e-05,62.2515
859,2500000000000000.0,15.0,950,35,0.210834,0.210892,5.8e-05,59.2067
860,2500000000000000.0,15.0,950,45,0.210834,0.210909,7.5e-05,56.7999
861,2500000000000000.0,15.0,1000,5,0.210834,0.21087,3.6e-05,59.4531
862,2500000000000000.0,15.0,1000,15,0.210834,0.210948,0.000114,50.1174
863,2500000000000000.0,15.0,1000,25,0.210834,0.211025,0.000191,45.779
864,2500000000000000.0,15.0,1000,35,0.210834,0.211102,0.000268,43.1721
865,2500000000000000.0,15.0,1000,45,0.210834,0.211179,0.000345,41.4099
866,2500000000000000.0,15.0,1050,5,0.210834,0.210987,0.000153,45.8714
867,2500000000000000.0,15.0,1050,15,0.210834,0.211298,0.000464,38.5661
868,2500000000000000.0,15.0,1050,25,0.210834,0.21161,0.000776,36.1071
869,2500000000000000.0,15.0,1050,35,0.210834,0.211921,0.001087,34.8006
870,2500000000000000.0,15.0,1050,45,0.210834,0.212232,0.001398,33.9648
871,2500000000000000.0,15.0,1100,5,0.210834,0.211398,0.000564,37.0233
872,2500000000000000.0,15.0,1100,15,0.210834,0.212532,0.001698,33.1685
873,2500000000000000.0,15.0,1100,25,0.210834,0.213664,0.00283,32.031
874,2500000000000000.0,15.0,1100,35,0.210834,0.214797,0.003963,31.443
875,2500000000000000.0,15.0,1100,45,0.210834,0.215937,0.005103,31.0745
876,500000000000000.0,17.5,900,5,0.216219,0.216219,0.0,197.266
877,500000000000000.0,17.5,900,15,0.216219,0.216222,3e-06,185.714
878,500000000000000.0,17.5,900,25,0.216219,0.216225,6e-06,183.5
879,500000000000000.0,17.5,900,35,0.216219,0.216229,1e-05,182.263
880,500000000000000.0,17.5,900,45,0.216219,0.216232,1.3e-05,181.377
881,500000000000000.0,17.5,950,5,0.216219,0.216225,6e-06,178.791
882,500000000000000.0,17.5,950,15,0.216219,0.216242,2.3e-05,174.882
883,500000000000000.0,17.5,950,25,0.216219,0.216258,3.9e-05,172.554
884,500000000000000.0,17.5,950,35,0.216219,0.216274,5.5e-05,170.536
885,500000000000000.0,17.5,950,45,0.216219,0.216291,7.2e-05,168.791
886,500000000000000.0,17.5,1000,5,0.216219,0.216254,3.5e-05,170.835
887,500000000000000.0,17.5,1000,15,0.216219,0.216328,0.000109,164.604
888,500000000000000.0,17.5,1000,25,0.216219,0.216401,0.000182,160.905
889,500000000000000.0,17.5,1000,35,0.216219,0.216475,0.000256,158.432
890,500000000000000.0,17.5,1000,45,0.216219,0.216549,0.00033,156.63
891,500000000000000.0,17.5,1050,5,0.216219,0.216365,0.000146,162.378
892,500000000000000.0,17.5,1050,15,0.216219,0.216663,0.000444,155.02
893,500000000000000.0,17.5,1050,25,0.216219,0.21696,0.000741,151.927
894,500000000000000.0,17.5,1050,35,0.216219,0.217258,0.001039,150.089
895,500000000000000.0,17.5,1050,45,0.216219,0.217555,0.001336,148.818
896,500000000000000.0,17.5,1100,5,0.216219,0.216758,0.000539,154.482
897,500000000000000.0,17.5,1100,15,0.216219,0.217841,0.001622,148.545
898,500000000000000.0,17.5,1100,25,0.216219,0.218923,0.002704,146.26
899,500000000000000.0,17.5,1100,35,0.216219,0.220004,0.003785,144.862
900,500000000000000.0,17.5,1100,45,0.216219,0.221085,0.004866,143.849
901,1000000000000000.0,17.5,900,5,0.224761,0.224761,0.0,123.0
902,1000000000000000.0,17.5,900,15,0.224761,0.224765,4e-06,114.567
903,1000000000000000.0,17.5,900,25,0.224761,0.224768,7e-06,112.902
904,1000000000000000.0,17.5,900,35,0.224761,0.224771,1e-05,111.849
905,1000000000000000.0,17.5,900,45,0.224761,0.224774,1.3e-05,111.027
906,1000000000000000.0,17.5,950,5,0.224761,0.224768,7e-06,107.069
907,1000000000000000.0,17.5,950,15,0.224761,0.224784,2.3e-05,103.628
908,1000000000000000.0,17.5,950,25,0.224761,0.2248,3.9e-05,101.136
909,1000000000000000.0,17.5,950,35,0.224761,0.224816,5.5e-05,98.9818
910,1000000000000000.0,17.5,950,45,0.224761,0.224832,7.1e-05,97.145
911,1000000000000000.0,17.5,1000,5,0.224761,0.224796,3.5e-05,98.45
912,1000000000000000.0,17.5,1000,15,0.224761,0.224869,0.000108,91.8244
913,1000000000000000.0,17.5,1000,25,0.224761,0.224941,0.00018,88.1579
914,1000000000000000.0,17.5,1000,35,0.224761,0.225014,0.000253,85.8135
915,1000000000000000.0,17.5,1000,45,0.224761,0.225087,0.000326,84.1619
916,1000000000000000.0,17.5,1050,5,0.224761,0.224906,0.000145,88.7036
917,1000000000000000.0,17.5,1050,15,0.224761,0.225199,0.000438,82.0368
918,1000000000000000.0,17.5,1050,25,0.224761,0.225493,0.000732,79.5244
919,1000000000000000.0,17.5,1050,35,0.224761,0.225786,0.001025,78.1171
920,1000000000000000.0,17.5,1050,45,0.224761,0.226079,0.001318,77.1845
921,1000000000000000.0,17.5,1100,5,0.224761,0.225293,0.000532,81.0653
922,1000000000000000.0,17.5,1100,15,0.224761,0.226362,0.001601,76.6978
923,1000000000000000.0,17.5,1100,25,0.224761,0.227429,0.002668,75.223
924,1000000000000000.0,17.5,1100,35,0.224761,0.228496,0.003735,74.3961
925,1000000000000000.0,17.5,1100,45,0.224761,0.229562,0.004801,73.8333
926,1500000000000000.0,17.5,900,5,0.226121,0.226121,0.0,97.0507
927,1500000000000000.0,17.5,900,15,0.226121,0.226124,3e-06,89.7586
928,1500000000000000.0,17.5,900,25,0.226121,0.226127,6e-06,88.3147
929,1500000000000000.0,17.5,900,35,0.226121,0.22613,9e-06,87.3379
930,1500000000000000.0,17.5,900,45,0.226121,0.226133,1.2e-05,86.5635
931,1500000000000000.0,17.5,950,5,0.226121,0.226127,6e-06,82.4783
932,1500000000000000.0,17.5,950,15,0.226121,0.226143,2.2e-05,79.2652
933,1500000000000000.0,17.5,950,25,0.226121,0.226159,3.8e-05,76.8695
934,1500000000000000.0,17.5,950,35,0.226121,0.226175,5.4e-05,74.7858
935,1500000000000000.0,17.5,950,45,0.226121,0.226191,7e-05,73.0003
936,1500000000000000.0,17.5,1000,5,0.226121,0.226155,3.4e-05,73.9192
937,1500000000000000.0,17.5,1000,15,0.226121,0.226227,0.000106,67.3884
938,1500000000000000.0,17.5,1000,25,0.226121,0.226299,0.000178,63.7749
939,1500000000000000.0,17.5,1000,35,0.226121,0.226371,0.00025,61.4735
940,1500000000000000.0,17.5,1000,45,0.226121,0.226444,0.000323,59.8597
941,1500000000000000.0,17.5,1050,5,0.226121,0.226264,0.000143,63.9014
942,1500000000000000.0,17.5,1050,15,0.226121,0.226555,0.000434,57.4468
943,1500000000000000.0,17.5,1050,25,0.226121,0.226846,0.000725,55.0942
944,1500000000000000.0,17.5,1050,35,0.226121,0.227136,0.001015,53.7975
945,1500000000000000.0,17.5,1050,45,0.226121,0.227427,0.001306,52.9592
946,1500000000000000.0,17.5,1100,5,0.226121,0.226648,0.000527,56.2307
947,1500000000000000.0,17.5,1100,15,0.226121,0.227707,0.001586,52.3303
948,1500000000000000.0,17.5,1100,25,0.226121,0.228765,0.002644,51.0917
949,1500000000000000.0,17.5,1100,35,0.226121,0.229822,0.003701,50.4231
950,1500000000000000.0,17.5,1100,45,0.226121,0.230879,0.004758,49.9837
951,2000000000000000.0,17.5,900,5,0.223166,0.223165,-1e-06,83.3009
952,2000000000000000.0,17.5,900,15,0.223166,0.223169,3e-06,76.7983
953,2000000000000000.0,17.5,900,25,0.223166,0.223172,6e-06,75.3494
954,2000000000000000.0,17.5,900,35,0.223166,0.223175,9e-06,74.4288
955,2000000000000000.0,17.5,900,45,0.223166,0.223178,1.2e-05,73.6946
956,2000000000000000.0,17.5,950,5,0.223166,0.223172,6e-06,69.6854
957,2000000000000000.0,17.5,950,15,0.223166,0.223187,2.1e-05,66.6586
958,2000000000000000.0,17.5,950,25,0.223166,0.223203,3.7e-05,64.4002
959,2000000000000000.0,17.5,950,35,0.223166,0.223219,5.3e-05,62.4232
960,2000000000000000.0,17.5,950,45,0.223166,0.223235,6.9e-05,60.7187
961,2000000000000000.0,17.5,1000,5,0.223166,0.223199,3.3e-05,61.3946
962,2000000000000000.0,17.5,1000,15,0.223166,0.223271,0.000105,55.0992
963,2000000000000000.0,17.5,1000,25,0.223166,0.223342,0.000176,51.5734
964,2000000000000000.0,17.5,1000,35,0.223166,0.223414,0.000248,49.3187
965,2000000000000000.0,17.5,1000,45,0.223166,0.223486,0.00032,47.7339
966,2000000000000000.0,17.5,1050,5,0.223166,0.223308,0.000142,51.4761
967,2000000000000000.0,17.5,1050,15,0.223166,0.223596,0.00043,45.1619
968,2000000000000000.0,17.5,1050,25,0.223166,0.223885,0.000719,42.8701
969,2000000000000000.0,17.5,1050,35,0.223166,0.224173,0.001007,41.6209
970,2000000000000000.0,17.5,1050,45,0.223166,0.224462,0.001296,40.8105
971,2000000000000000.0,17.5,1100,5,0.223166,0.223689,0.000523,43.7932
972,2000000000000000.0,17.5,1100,15,0.223166,0.22474,0.001574,40.0974
973,2000000000000000.0,17.5,1100,25,0.223166,0.22579,0.002624,38.9553
974,2000000000000000.0,17.5,1100,35,0.223166,0.226839,0.003673,38.3555
975,2000000000000000.0,17.5,1100,45,0.223166,0.227889,0.004723,37.9694
976,2500000000000000.0,17.5,900,5,0.230179,0.230178,-1e-06,73.5941
977,2500000000000000.0,17.5,900,15,0.230179,0.230181,2e-06,67.998
978,2500000000000000.0,17.5,900,25,0.230179,0.230184,5e-06,66.4661
979,2500000000000000.0,17.5,900,35,0.230179,0.230187,8e-06,65.5971
980,2500000000000000.0,17.5,900,45,0.230179,0.230191,1.2e-05,64.9033
981,2500000000000000.0,17.5,950,5,0.230179,0.230184,5e-06,61.0959
982,2500000000000000.0,17.5,950,15,0.230179,0.2302,2.1e-05,58.2504
983,2500000000000000.0,17.5,950,25,0.230179,0.230216,3.7e-05,56.1915
984,2500000000000000.0,17.5,950,35,0.230179,0.230231,5.2e-05,54.3845
985,2500000000000000.0,17.5,950,45,0.230179,0.230247,6.8e-05,52.8144
986,2500000000000000.0,17.5,1000,5,0.230179,0.230212,3.3e-05,53.2305
987,2500000000000000.0,17.5,1000,15,0.230179,0.230282,0.000103,47.391
988,2500000000000000.0,17.5,1000,25,0.230179,0.230353,0.000174,44.0496
989,2500000000000000.0,17.5,1000,35,0.230179,0.230423,0.000244,41.89
990,2500000000000000.0,17.5,1000,45,0.230179,0.230493,0.000314,40.3618
991,2500000000000000.0,17.5,1050,5,0.230179,0.230318,0.000139,43.7971
992,2500000000000000.0,17.5,1050,15,0.230179,0.230602,0.000423,37.7412
993,2500000000000000.0,17.5,1050,25,0.230179,0.230886,0.000707,35.5067
994,2500000000000000.0,17.5,1050,35,0.230179,0.23117,0.000991,34.291
995,2500000000000000.0,17.5,1050,45,0.230179,0.231454,0.001275,33.5033
996,2500000000000000.0,17.5,1100,5,0.230179,0.230693,0.000514,36.2758
997,2500000000000000.0,17.5,1100,15,0.230179,0.231727,0.001548,32.7239
998,2500000000000000.0,17.5,1100,25,0.230179,0.232761,0.002582,31.6385
999,2500000000000000.0,17.5,1100,35,0.230179,0.233794,0.003615,31.0745
1000,2500000000000000.0,17.5,1100,45,0.230179,0.234829,0.00465,30.7157
